<?xml version="1.0" encoding="UTF-8"?>
	<!DOCTYPE hibernate-configuration PUBLIC "-//Hibernate/Hibernate Configuration DTD 3.0//EN" "http://www.hibernate.org/dtd/hibernate-configuration-3.0.dtd">
 	<hibernate-configuration>
	   	<session-factory>
	     	<property name="connection.driver_class">org.mariadb.jdbc.Driver</property>
	     	<property name="connection.url">jdbc:mariadb://172.18.0.2:3306/universitylibrary?createDatabaseIfNotExist=true</property>
	     	<property name="connection.username">root</property>
	     	<property name="connection.password">root</property>
	     	<property name="dialect">org.hibernate.dialect.MariaDB103Dialect</property>
	     	<property name="show_sql">true</property>
			<property name="hbm2ddl.auto">update</property>
	
			<!-- org.hibernate.HibernateException: No CurrentSessionContext configured! -->
	        <property name="hibernate.current_session_context_class">thread</property>
	        <property name="hibernate.default_schema">dbo</property>
	        
	        <property name="connection.pool_size">25</property>
	        
	        
	        
		</session-factory>
	</hibernate-configuration>